gene,KO,rossman_fold,from,to,fad,nad,nadp,coenzyme,rxns,wt_coenzyme
b0002,K12524,QVIEVFVIGVGGVGGALLEQLKRQQSWLKNKHIDLRVCGVANSKALL,464,510,0.041,0.45,0.113,-,,
b0031,K00215,ANIRVAIAGAGGRMGRQLIQAALALEGVQLGAALEREGSS,4,43,0.005,0.635,0.516,NAD/NADP,DHDPRy,NADP
b0031,K00215,KGMVIGTTGFDEAGKQAIRDAAADIAIVFAANFS,97,130,0.004,0.602,0.098,NAD,DHDPRy,NADP
b0116,K00382,VPERLLVMGGGIIGLEMGTVYHALGSQIDVVEMFDQVIPAADKD,174,217,0.47,0.448,0.171,-,AKGDH;GLYCL;PDH,NAD
b0173,K00099,MKQLTILGSTGSIGCSTLDVVRHNPEHFRVVALVAGKNVTRM,1,42,0.001,0.272,0.825,NADP,DXPRIi,NADP
b0243,K00147,GIAAKQASYKLAQLSSREKNRVLEKIADELEA,6,37,0.314,0.025,0.024,-,G5SD,NADP
b0311,K00108,QFDYIIIGAGSAGNVLATRLTEDPNTSVLLLEAGGPDYRF,2,41,0.981,0.051,0.045,FAD,CHOLD,NAD
b0347,K05712,HSVQVAIAGAGPVGLMMANYLGQMGIDVLVVEKLDKLIDY,14,53,0.9,0.376,0.069,FAD,3HCINNMH;3HPPPNH,NAD
b0351,K04073,SKRKVAIIGSGNIGTDLMIKILRHGQHLEMAVMVGIDPQSDGLARARRMGV,2,52,0.101,0.854,0.166,NAD,,
b0356,K00121,PGDSVAVFGLGAIGLAVVQGARQAKAGRIIAIDTNPKKFDLAR,186,228,0.177,0.935,0.229,NAD,ALCD19;FALDH2,NAD
b0386,K00286,MEKKIGFIGCGNMGKAILGGLIASGQVLPGQIWVYTPSPDK,1,41,0.004,0.688,0.142,NAD,P5CR,NADP
b0425,K00077,MKITVLGCGALGQLWLTALCKQGHEVQGWLRVPQ,1,34,0.061,0.74,0.527,NAD/NADP,,
b0509,K00134,MKLGFIGLGIMGTPMAINLARAGHQLHVTTIGPVADELLSLG,1,42,0.25,0.56,0.162,NAD,,
b0529,K01491,GLNAVVIGASNIVGRPMSMELLLAGCTTTVTHRFTKNLRHHV,159,200,0.005,0.173,0.696,NADP,MTHFD,NADP
b0596,K00216,SGKNVWVTGAGKGIGYATALAFVEAGAKVTGFDQAFTQEQ,4,43,0.043,0.918,0.095,NAD,DHBD,NAD
b0662,K03184,QPTEIAIVGGGMVGGALALGLAQHGFAVTVIEHAEPAPFVADS,4,46,0.776,0.439,0.083,FAD,OMMBLHX3,NAD
b0888,K00384,RNQKVAVIGGGNTAVEEALYLSNIASEVHLIHRRDGFRAEK,145,185,0,0.344,0.077,-,TRDR,NADP
b1033,K12972,EDFTIGILGAGVLGSKVAQSLQTWRFPLRCWSRTRKS,135,171,0.05,0.383,0.889,NADP,,
b1093,K00059,AGLIGFSKSLAREVASRGITVNVVAPGFIET,156,186,0.006,0.691,0.808,NAD/NADP,3OAR100;3OAR120;3OAR121;3OAR140;3OAR141;3OAR160;3OAR161;3OAR180;3OAR181;3OAR40;3OAR60;3OAR80;OGMEACPR;OPMEACPR,NAD
b1109,K03885,GKVNIAIVGGGATGVELSAELHNAVKQLHSYGYKGLTNEALNVTLVEAGERILPA,169,223,0.297,0.353,0.081,-,NADH10;NADH5;NADH9,NAD
b1210,K02492,STVTVLLVGAGETIELVARHLREHKVQKMIIANRTRERAQILADEVGAEVIALSDIDERLR,181,241,0.026,0.36,0.685,NADP,GLUTRR,NADP
b1288,K00208,SGKRILVTGVASKLSIAYGIAQAMHREGAELAFTYQNDKLKGRV,5,48,0.003,0.774,0.864,NAD/NADP,EAR100x;EAR120x;EAR121x;EAR140x;EAR141x;EAR160x;EAR161x;EAR180x;EAR181x;EAR40x;EAR60x;EAR80x;EAR100y;EAR120y;EAR121y;EAR140y;EAR141y;EAR160y;EAR161y;EAR180y;EAR181y;EAR40y;EAR60y;EAR80y;EGMEACPR;EPMEACPR,NADP
b1300,K09472,DAIAFTGSTRTGKQLLKDAGDSNMKRVWLEAGGKSANIV,238,276,0.008,0.67,0.359,NAD,ALDD2x;GGGABADr,NADP
b1380,K03778,YGKTAGVIGTGKIGVAMLRILKGFGMRLLAFDPYPSAAALE,143,183,0.005,0.795,0.34,NAD,,
b1385,K00146,HVAKISFTGSTATGKGIARTAADHLTRVTLELGGKNP,242,278,0.023,0.887,0.206,NAD,ALDD19xr,NAD
b1395,K00074,NVQTVAVIGSGTMGAGIAEVAASHGHQVLLYDISAEALTRAIDGI,4,48,0.277,0.881,0.156,NAD,HADPCOADH3,NAD
b1478,K13953,PGQWIAIYGLGGLGNLALQYAKNVFNAKVIAIDVNDEQLKLATE,161,204,0.003,0.838,0.337,NAD,ALCD2x,NAD
b1479,K00027,SEKKIVFLGAGSAGCGIAEMIISQTQREGLSEEAARQKVFMVDRFGLL,294,341,0.286,0.432,0.037,-,ME1,NAD
b1525,K08324,AAVTVTGSVRAGAAIGAQAGAALKKCVLELGGSDP,206,240,0.066,0.768,0.042,NAD,SSALx,NAD
b1539,K16066,MIVLVTGATAGFGECITRRFIQQGHKVIATGRRQERLQELK,1,41,0.002,0.542,0.922,NAD/NADP,ATHRDHr;DSERDHr;LSERDHr,NADP
b1606,K13938,PLPILITGGGRRIGLALAWHFINQKQPVIVSYRTHY,6,41,0.003,0.49,0.182,-,DHMPTR,NADP
b1692,K05887,KGKTMVLLGAGGASTAIGAQGAIEGLKEIKLFNRRDEFFD,123,162,0.038,0.662,0.481,NAD,QUINDH,NAD
b1746,K06447,GLLFTGSANTGYQLHRQLSGQPEKILALEMGGNN,215,248,0.087,0.478,0.131,-,SGSAD,NAD
b1761,K00262,GKAANAGGVATSGLEMAQNAARLGWKAEKVDARLHH,369,404,0.001,0.764,0.685,NAD/NADP,GLUDy,NADP
b1779,K00134,MTIKVGINGFGRIGRIVFRAAQKRSDIEIVAINDLLDADYMAYMLK,1,46,0.001,0.948,0.248,NAD,GAPD,NAD
b1852,K00036,QACDLVIFGAKGDLARRKLLPSLYQLEKAGQLNPDTRIIGVGRADWDKAAYT,8,59,0.002,0.151,0.371,-,G6PDH2r,NADP
b2020,K00013,QVILLTPAADMARRVAEAVERQLAELPRAETARQALNA,267,304,0,0.198,0.292,-,HISTD,NAD
b2028,K00012,MKITISGTGYVGLSNGLLIAQNHEVVALDILPSRVAMLN,1,39,0.059,0.904,0.098,NAD,UDPGD,NAD
b2029,K00033,SKQQIGVVGMAVMGRNLALNIESRGYTVSIFNRSREKTEEVIAENPGKKL,2,51,0.127,0.46,0.681,NADP,GND,NADP
b2040,K00067,MNILLFGKTGQVGWELQRALAPLGNLIAFDVHSTDYCGDFSN,1,42,0.003,0.762,0.717,NAD/NADP,TDPDRR,NADP
b2052,K02377,SKQRVFIAGHRGMVGSAIRRQLEQRGDVELVLRTRDELNLLDSR,2,45,0.018,0.369,0.716,NADP,GOFUCR,NADP
b2091,K00094,ENKNVIIIGAGTIGLLAIQCAVALGAKSVTAIDISSEKLALAKS,160,203,0.293,0.762,0.305,NAD,GLTPD,NAD
b2146,K17722,PQSALIIGGGDVAMDVASTLKVLGCQAVTCVAREELDEFPA,253,293,0.302,0.119,0.847,NADP,DURADx,NAD
b2255,K10011,RRTRVLILGVNGFIGNHLTERLLREDHYEVYGLDIGSDAISRFLN,314,358,0.002,0.773,0.406,NAD,UDPGDC,NAD
b2320,K03473,YDRTVGIVGVGNVGRRLQARLEALGIKTLLCDPPRADRGDEG,115,156,0.076,0.834,0.162,NAD,PERD,NAD
b2341,K01782,NSVGILGGGLMGGGIAYVTACKAGIPVRIKDINPQGINH,309,347,0.123,0.615,0.038,NAD,,
b2463,K00029,SDVRMVVSGAGAAAIACMNLLVALGLQKHNIVVCDSKGVIYQGREPN,186,232,0.432,0.537,0.094,NAD,ME2,NADP
b2508,K00088,KYPDLQIIGGNVATAAGARALAEAGCSAVKVG,267,298,0.503,0.134,0.056,FAD,IMPD,NAD
b2541,K05711,HNESIFITGGGSGLGLALVERFIEEGAQVATLELSAAKVASLRQRFGE,5,52,0.027,0.793,0.12,NAD,DHCIND;DHPPD,NAD
b2542,K00529,PERSVVIIGAGTIGLELAASATQRRCKVTVIELAATVMGRN,143,183,0.889,0.339,0.104,FAD,CINNDO;PPPNDO,NAD
b2661,K00135,VRKLSFTGSTEIGRQLMEQCAKDIKKVSLELGGNAP,226,261,0,0.876,0.15,NAD,,
b2705,K00068,MNQVAVVIGGGQTLGAFLCHGLAAEGYRVAVVDIQSDKAANVAQ,1,44,0.352,0.657,0.293,NAD,SBTPD,NAD
b2711,K12265,DARRVLIVGGGLIGSELAMDFCRAGKAVTLIDNAASILASLM,140,181,0.448,0.779,0.094,NAD,NHFRBO,NAD
b2868,K13480,AKGGKLSHVQQAYAKSGAVQCGFCTPGLIMAT,83,114,0,0.231,0.036,-,HXAND,NAD
b2906,K18800,QSVDVAIVGGGMVGLAVACGLQGSGLRVAVLEQRVQEPLAANA,2,44,0.861,0.341,0.061,FAD,OPHHX3,NAD
b2907,K03185,MSVIIVGGGMAGATLALAISRLSHGALPVHLIEATAPESHA,1,41,0.931,0.237,0.051,FAD,OMPHHX3,NAD
b2913,K00058,RGKKLGIIGYGHIGTQLGILAESLGMYVYFYDIENKLPLG,150,189,0.039,0.928,0.125,NAD,PGCD,NAD
b2927,K03472,MTVRVAINGFGRIGRNVVRALYESGRRAEITVVAINELADAAGMA,1,45,0.085,0.877,0.462,NAD,,
b3028,K03923,VADGTLRDLGHDVRIVRADSDYDVKAE,27,53,0.005,0.054,0.026,-,NADPHQR2;NADPHQR3;NADPHQR4,NADP
b3213,K00266,EGKRVVVLGGGDTAMDCVRTSVRQGAKHVTCAYRRDEENMPGSR,286,329,0.191,0.403,0.91,NADP,GLUSy,NADP
b3236,K00024,MKVAVLGAAGGIGQALALLLKTQLPSGSELSLYDIAPVT,1,39,0.08,0.879,0.163,NAD,MDH,NAD
b3281,K00014,GLRILLIGAGGASRGVLLPLLSLDCAVTITNRTVSRAEELAKL,119,161,0.014,0.222,0.683,NADP,,
b3365,K00362,RSKRGAVVGGGLLGLEAAGALKNLGIETHVIEFAPMLMAEQL,144,185,0.738,0.383,0.041,FAD,NTRIR2x,NAD
b3368,K02302,RDRDCLIVGGGDVAERKARLLLDAGARLTVNALAF,11,45,0.061,0.577,0.113,NAD,SHCHD2,NAD
b3433,K00133,MKNVGFIGWRGMVGSVLMQRMVEERDFDAIRPVFFSTSQLG,1,41,0.001,0.521,0.702,NAD/NADP,ASAD,NADP
b3500,K00383,LPERVAVVGAGYIAVELAGVINGLGAKTHLFVRKHAPLRSF,166,206,0.166,0.358,0.711,NADP,GTHOr,NADP
b3553,K00090,HHKTLGIVGMGRIGMALAQRAHFGFNMPILYNARRHHKEA,144,183,0.085,0.658,0.359,NAD,2DGULRGx;2DGULRx;DKGLCNR2x;2DGULRGy;2DGULRy;DKGLCNR2y,NADP
b3588,K00138,IAKVAFTGSTEVGQQIMQYATQNIIPVTLELGGKSPN,239,275,0.001,0.624,0.467,NAD,ALDD2y;ALDD3y,NAD
b3600,K00009,MKALHFGAGNIGRGFIGKLLADAGIQLTFADVNQVVLDALNARHSYQVHVV,1,51,0.002,0.685,0.154,NAD,M1PD,NAD
b3608,K00057,RNASMTVIGAGSYGTALAITLARNGHEVVLWGHDPEHIATLERDRC,4,49,0.127,0.311,0.604,NADP,G3PD2,NADP
b3616,K00060,VGEDVLVSGAGPIGIMAAAVAKHVGARNVVITDVNEYRLELARKM,163,207,0.347,0.784,0.196,NAD,THRD,NAD
b3774,K00053,QGKKVVIVGCGAQGLNQGLNMRDSGLDISYALRKEAIAEKRASWRKAT,36,83,0.061,0.597,0.277,NAD,KARA1;KARA2,NADP
b3787,K02472,FATISVIGLGYIGLPTAAAFASRQKQVIGVDINQHAVDTI,3,42,0.051,0.897,0.161,NAD,UACMAMO,NAD
b3844,K05368,MILIAGGTGFSYARSILLTALARNPNRDITIYWGGREEQ,106,144,0,0.18,0.059,-,FADRx;FLVRx,NAD
b3846,K01825,TPKQAAVLGAGIMGGGIAYQSAWKGVPVVMKDINDKSLTLGM,312,353,0.173,0.875,0.157,NAD,,
b3882,K08318,MAAIAFIGLGQMGSPMASNLLQQGHQLRVFDVNAEAVRHLVDKGATP,1,47,0.202,0.619,0.19,NAD,GHBDHx,NAD
b3945,K00005,QCGAILGIGGGKTLDTAKALAHFMGVPVAIAPTIAST,84,120,0.002,0.248,0.054,-,ALR4x;APPLDHr;GLYCDx;LALDO2x,NAD
b3958,K00145,SGVTQAQVAQVLQQAYAHKPLVRLYDKGVPALKNV,249,283,0.07,0.252,0.549,NADP,AGPR,NAD
b4266,K00046,AGKNILITGSAQGIGFLLATGLGKYGAQIIINDITAERAELAVE,8,51,0.005,0.893,0.268,NAD,5DGLCNR,NAD
b4267,K00098,QGKRVFISGVGPIGCLIVSAVKTLGAAEIVCADVSPRSLSLGKE,169,212,0.022,0.927,0.113,NAD,IDOND;IDOND2,NAD