,cpd,level1,level2,level3,level4
0,C00058,Organic acids,Carboxylic acids [Fig],Monocarboxylic acids,C00058  Formate; Methanoate
1,C00033,Organic acids,Carboxylic acids [Fig],Monocarboxylic acids,C00033  Acetate; Ethanoate
2,C00163,Organic acids,Carboxylic acids [Fig],Monocarboxylic acids,C00163  Propionate; Propanoate
3,C00246,Organic acids,Carboxylic acids [Fig],Monocarboxylic acids,C00246  Butyrate; Butanoate
4,C00803,Organic acids,Carboxylic acids [Fig],Monocarboxylic acids,C00803  Valerate; Pentanoate
5,C01585,Organic acids,Carboxylic acids [Fig],Monocarboxylic acids,C01585  Capronate; Hexanoate
6,C17714,Organic acids,Carboxylic acids [Fig],Monocarboxylic acids,C17714  Enanthate; Heptanoate
7,C06423,Organic acids,Carboxylic acids [Fig],Monocarboxylic acids,C06423  Caprylate; Octanoate
8,C00209,Organic acids,Carboxylic acids [Fig],Dicarboxylic acids,C00209  Oxalate
9,C00383,Organic acids,Carboxylic acids [Fig],Dicarboxylic acids,C00383  Malonate
10,C00042,Organic acids,Carboxylic acids [Fig],Dicarboxylic acids,C00042  Succinate
11,C00489,Organic acids,Carboxylic acids [Fig],Dicarboxylic acids,C00489  Glutarate
12,C06104,Organic acids,Carboxylic acids [Fig],Dicarboxylic acids,C06104  Adipate
13,C02656,Organic acids,Carboxylic acids [Fig],Dicarboxylic acids,C02656  Pimelate
14,C08278,Organic acids,Carboxylic acids [Fig],Dicarboxylic acids,C08278  Suberate
15,C00158,Organic acids,Carboxylic acids [Fig],Tricarboxylic acids,C00158  Citrate
16,C00311,Organic acids,Carboxylic acids [Fig],Tricarboxylic acids,C00311  Isocitrate
17,C00417,Organic acids,Carboxylic acids [Fig],Tricarboxylic acids,C00417  cis-Aconitate
18,C02341,Organic acids,Carboxylic acids [Fig],Tricarboxylic acids,C02341  trans-Aconitate
19,C00048,Organic acids,Carboxylic acids [Fig],2-Oxocarboxylic acids,C00048  Glyoxylate; Oxoacetate
20,C00022,Organic acids,Carboxylic acids [Fig],2-Oxocarboxylic acids,C00022  Pyruvate; 2-Oxopropanoate
21,C00109,Organic acids,Carboxylic acids [Fig],2-Oxocarboxylic acids,C00109  2-Oxobutanoate
22,C06255,Organic acids,Carboxylic acids [Fig],2-Oxocarboxylic acids,C06255  2-Oxovalerate
23,C00902,Organic acids,Carboxylic acids [Fig],2-Oxocarboxylic acids,C00902  2-Oxohexanoate
24,C00036,Organic acids,Carboxylic acids [Fig],2-Oxocarboxylic acids,C00036  Oxaloacetate; 2-Oxosuccinate
25,C00026,Organic acids,Carboxylic acids [Fig],2-Oxocarboxylic acids,C00026  2-Oxoglutarate
26,C00322,Organic acids,Carboxylic acids [Fig],2-Oxocarboxylic acids,C00322  2-Oxoadipate
27,C16588,Organic acids,Carboxylic acids [Fig],2-Oxocarboxylic acids,C16588  2-Oxopimelate
28,C16589,Organic acids,Carboxylic acids [Fig],2-Oxocarboxylic acids,C16589  2-Oxosuberate
29,C00141,Organic acids,Carboxylic acids [Fig],2-Oxocarboxylic acids,C00141  2-Oxoisovalerate
30,C00233,Organic acids,Carboxylic acids [Fig],2-Oxocarboxylic acids,C00233  2-Oxoisocaproate
31,C00671,Organic acids,Carboxylic acids [Fig],2-Oxocarboxylic acids,C00671  (S)-3-Methyl-2-oxopentanoic acid
32,C00222,Organic acids,Carboxylic acids [Fig],3-Oxocarboxylic acids,C00222  3-Oxopropanoate
33,C00164,Organic acids,Carboxylic acids [Fig],3-Oxocarboxylic acids,C00164  Acetoacetate; 3-Oxobutanoate
34,C00232,Organic acids,Carboxylic acids [Fig],4-Oxocarboxylic acid,C00232  Succinate semialdehyde; 4-Oxobutanoate
35,C00186,Organic acids,Carboxylic acids [Fig],Hydroxycarboxylic acids,C00186  L-Lactate; (S)-2-Hydroxypropanoate
36,C00149,Organic acids,Carboxylic acids [Fig],Hydroxycarboxylic acids,C00149  Malate; (S)-2-Hydroxybutanediate
37,C01013,Organic acids,Carboxylic acids [Fig],Hydroxycarboxylic acids,C01013  3-Hydroxypropanoate
38,C01089,Organic acids,Carboxylic acids [Fig],Hydroxycarboxylic acids,C01089  (R)-3-Hydroxybutanoate
39,C00989,Organic acids,Carboxylic acids [Fig],Hydroxycarboxylic acids,C00989  4-Hydroxybutanoate
40,C00246,Lipids,Fatty acids [Fig],Saturated fatty acids,C00246  Butyric acid (4:0)
41,C01585,Lipids,Fatty acids [Fig],Saturated fatty acids,C01585  Caproic acid (6:0)
42,C06423,Lipids,Fatty acids [Fig],Saturated fatty acids,C06423  Caprylic acid (8:0)
43,C01571,Lipids,Fatty acids [Fig],Saturated fatty acids,C01571  Capric acid (10:0)
44,C02679,Lipids,Fatty acids [Fig],Saturated fatty acids,C02679  Lauric acid (12:0)
45,C06424,Lipids,Fatty acids [Fig],Saturated fatty acids,C06424  Myristic acid (14:0)
46,C00249,Lipids,Fatty acids [Fig],Saturated fatty acids,C00249  Palmitic acid (16:0)
47,C01530,Lipids,Fatty acids [Fig],Saturated fatty acids,C01530  Stearic acid (18:0)
48,C06425,Lipids,Fatty acids [Fig],Saturated fatty acids,C06425  Arachidic acid (20:0)
49,C08281,Lipids,Fatty acids [Fig],Saturated fatty acids,C08281  Behenic acid (22:0)
50,C08320,Lipids,Fatty acids [Fig],Saturated fatty acids,C08320  Lignoceric acid (24:0)
51,C08362,Lipids,Fatty acids [Fig],Unsaturated fatty acids,C08362  Palmitoleic acid (16:1;9)
52,C00712,Lipids,Fatty acids [Fig],Unsaturated fatty acids,C00712  Oleic acid (18:1;9)
53,C01712,Lipids,Fatty acids [Fig],Unsaturated fatty acids,C01712  Elaidic acid (18:1;9)
54,C16526,Lipids,Fatty acids [Fig],Unsaturated fatty acids,C16526  Icosenoic acid (20:1;11)
55,C08316,Lipids,Fatty acids [Fig],Unsaturated fatty acids,C08316  Erucic acid (22:1;13)
56,C08323,Lipids,Fatty acids [Fig],Unsaturated fatty acids,C08323  Nervonic acid (24:1;15)
57,C01595,Lipids,Fatty acids [Fig],Unsaturated fatty acids,"C01595  Linoleic acid (18:2;9,12)"
58,C16525,Lipids,Fatty acids [Fig],Unsaturated fatty acids,"C16525  Icosadienoic acid (20:2;11,14)"
59,C16533,Lipids,Fatty acids [Fig],Unsaturated fatty acids,"C16533  Docosadienoic acid (22:2;13,16)"
60,C06426,Lipids,Fatty acids [Fig],Unsaturated fatty acids,"C06426  gamma-Linolenic acid (18:3;6,9,12)"
61,C06427,Lipids,Fatty acids [Fig],Unsaturated fatty acids,"C06427  alpha-Linolenic acid (18:3;9,12,15)"
62,C00219,Lipids,Fatty acids [Fig],Unsaturated fatty acids,"C00219  Arachidonic acid (20:4;5,8,11,14)"
63,C06428,Lipids,Fatty acids [Fig],Unsaturated fatty acids,"C06428  Eicosapentaenoic acid (20:5;5,8,11,14.17)"
64,C06429,Lipids,Fatty acids [Fig],Unsaturated fatty acids,"C06429  Docosahexaenoic acid (22:6;4,7,10,13,16,19)"
65,C01885,Lipids,Fats [Fig],Acylglycerols,C01885  1-Monoacylglycerol
66,C02112,Lipids,Fats [Fig],Acylglycerols,C02112  2-Monoacylglycerol
67,C00641,Lipids,Fats [Fig],Acylglycerols,"C00641  1,2-Diacylglycerol"
68,C06437,Lipids,Fats [Fig],Acylglycerols,"C06437  1,3-Diacylglycerol"
69,C00422,Lipids,Fats [Fig],Acylglycerols,C00422  Triacylglycerol
70,C00416,Lipids,Phospholipids [Fig],Glycerophospholipids,C00416  Phosphatidic acid
71,C00350,Lipids,Phospholipids [Fig],Glycerophospholipids,C00350  Phosphatidylethanolamine
72,C00157,Lipids,Phospholipids [Fig],Glycerophospholipids,C00157  Phosphatidylcholine; Lecithin
73,C02737,Lipids,Phospholipids [Fig],Glycerophospholipids,C02737  Phosphatidylserine
74,C01194,Lipids,Phospholipids [Fig],Glycerophospholipids,C01194  Phosphatidylinositol
75,C04230,Lipids,Phospholipids [Fig],Glycerophospholipids,C04230  2-Lysolecithin
76,C04756,Lipids,Phospholipids [Fig],Glycerophospholipids,C04756  Plasmenylethanolamine
77,C00958,Lipids,Phospholipids [Fig],Glycerophospholipids,C00958  Plasmenylcholine
78,C00344,Lipids,Phospholipids [Fig],Glycerophospholipids,C00344  Phosphatidylglycerol
79,C05980,Lipids,Phospholipids [Fig],Glycerophospholipids,C05980  Diphosphatidylglycerol; Cardiolipin
80,C00550,Lipids,Phospholipids [Fig],Phosphosphingolipids,C00550  Sphingomyelin
81,C03692,Lipids,Glycolipids [Fig],Glyceroglycolipids,C03692  Monogalactosyldiacylglycerol
82,C06037,Lipids,Glycolipids [Fig],Glyceroglycolipids,C06037  Digalactosyldiacylglycerol
83,C20825,Lipids,Glycolipids [Fig],Glyceroglycolipids,C20825  Seminolipid
84,C01190,Lipids,Glycolipids [Fig],Glycosphingolipids,C01190  Glucosylceramide
85,C02686,Lipids,Glycolipids [Fig],Glycosphingolipids,C02686  Galactosylceramide
86,C01290,Lipids,Glycolipids [Fig],Glycosphingolipids,C01290  Lactosylceramide
87,C04911,Lipids,Glycolipids [Fig],Glycosphingolipids,C04911  GM1
88,C04884,Lipids,Glycolipids [Fig],Glycosphingolipids,C04884  GM2
89,C04730,Lipids,Glycolipids [Fig],Glycosphingolipids,C04730  GM3
90,C06125,Lipids,Glycolipids [Fig],Glycosphingolipids,C06125  Sulfatide
91,C04685,Lipids,Eicosanoids [Fig],Prostaglandins,C04685  Prostaglandin A1
92,C05953,Lipids,Eicosanoids [Fig],Prostaglandins,C05953  Prostaglandin A2
93,C00959,Lipids,Eicosanoids [Fig],Prostaglandins,C00959  Prostaglandin B1
94,C05954,Lipids,Eicosanoids [Fig],Prostaglandins,C05954  Prostaglandin B2
95,C04686,Lipids,Eicosanoids [Fig],Prostaglandins,C04686  Prostaglandin C1
96,C05955,Lipids,Eicosanoids [Fig],Prostaglandins,C05955  Prostaglandin C2
97,C06438,Lipids,Eicosanoids [Fig],Prostaglandins,C06438  Prostaglandin D1
98,C00696,Lipids,Eicosanoids [Fig],Prostaglandins,C00696  Prostaglandin D2
99,C04741,Lipids,Eicosanoids [Fig],Prostaglandins,C04741  Prostaglandin E1
100,C00584,Lipids,Eicosanoids [Fig],Prostaglandins,C00584  Prostaglandin E2
101,C06439,Lipids,Eicosanoids [Fig],Prostaglandins,C06439  Prostaglandin E3
102,C06475,Lipids,Eicosanoids [Fig],Prostaglandins,C06475  Prostaglandin F1alpha
103,C00639,Lipids,Eicosanoids [Fig],Prostaglandins,C00639  Prostaglandin F2alpha
104,C02314,Lipids,Eicosanoids [Fig],Prostaglandins,C02314  Prostaglandin F2beta
105,C06476,Lipids,Eicosanoids [Fig],Prostaglandins,C06476  Prostaglandin F3alpha
106,C05956,Lipids,Eicosanoids [Fig],Prostaglandins,C05956  Prostaglandin G2
107,C00427,Lipids,Eicosanoids [Fig],Prostaglandins,C00427  Prostaglandin H2
108,C01312,Lipids,Eicosanoids [Fig],Prostaglandins,C01312  Prostaglandin I2
109,C05957,Lipids,Eicosanoids [Fig],Prostaglandins,C05957  Prostaglandin J2
110,C00909,Lipids,Eicosanoids [Fig],Leukotrienes,C00909  Leukotriene A4
111,C02165,Lipids,Eicosanoids [Fig],Leukotrienes,C02165  Leukotriene B4
112,C02166,Lipids,Eicosanoids [Fig],Leukotrienes,C02166  Leukotriene C4
113,C05951,Lipids,Eicosanoids [Fig],Leukotrienes,C05951  Leukotriene D4
114,C05952,Lipids,Eicosanoids [Fig],Leukotrienes,C05952  Leukotriene E4
115,C06462,Lipids,Eicosanoids [Fig],Leukotrienes,C06462  Leukotriene F4
116,C05356,Lipids,Eicosanoids [Fig],Leukotrienes,C05356  5-HPETE
117,C02198,Lipids,Eicosanoids [Fig],Thromboxanes,C02198  Thromboxane A2
118,C05963,Lipids,Eicosanoids [Fig],Thromboxanes,C05963  Thromboxane B2
119,C05964,Lipids,Eicosanoids [Fig],Thromboxanes,C05964  11-Dehydro-thromboxane B2
120,C00577,Carbohydrates,Monosaccharides,Aldoses [Fig],C00577  D-Glyceraldehyde
121,C02426,Carbohydrates,Monosaccharides,Aldoses [Fig],C02426  L-Glyceraldehyde
122,C01796,Carbohydrates,Monosaccharides,Aldoses [Fig],C01796  D-Erythrose
123,C06463,Carbohydrates,Monosaccharides,Aldoses [Fig],C06463  D-Threose
124,C00216,Carbohydrates,Monosaccharides,Aldoses [Fig],C00216  D-Arabinose
125,C00259,Carbohydrates,Monosaccharides,Aldoses [Fig],C00259  L-Arabinose
126,C00181,Carbohydrates,Monosaccharides,Aldoses [Fig],C00181  D-Xylose
127,C01510,Carbohydrates,Monosaccharides,Aldoses [Fig],C01510  L-Xylose
128,C00476,Carbohydrates,Monosaccharides,Aldoses [Fig],C00476  D-Lyxose
129,C01508,Carbohydrates,Monosaccharides,Aldoses [Fig],C01508  L-Lyxose
130,C00121,Carbohydrates,Monosaccharides,Aldoses [Fig],C00121  D-Ribose
131,C00031,Carbohydrates,Monosaccharides,Aldoses [Fig],C00031  D-Glucose
132,C00124,Carbohydrates,Monosaccharides,Aldoses [Fig],C00124  D-Galactose
133,C01825,Carbohydrates,Monosaccharides,Aldoses [Fig],C01825  L-Galactose
134,C00159,Carbohydrates,Monosaccharides,Aldoses [Fig],C00159  D-Mannose
135,C01487,Carbohydrates,Monosaccharides,Aldoses [Fig],C01487  D-Allose
136,C06464,Carbohydrates,Monosaccharides,Aldoses [Fig],C06464  D-Altrose
137,C06465,Carbohydrates,Monosaccharides,Aldoses [Fig],C06465  D-Gulose
138,C15923,Carbohydrates,Monosaccharides,Aldoses [Fig],C15923  L-Gulose
139,C06466,Carbohydrates,Monosaccharides,Aldoses [Fig],C06466  D-Idose
140,C06467,Carbohydrates,Monosaccharides,Aldoses [Fig],C06467  D-Talose
141,C06474,Carbohydrates,Monosaccharides,Aldoses [Fig],"C06474  3,6-Anhydrogalactose"
142,C06478,Carbohydrates,Monosaccharides,Aldoses [Fig],"C06478  3,6-Anhydroglucose"
143,C00184,Carbohydrates,Monosaccharides,Ketoses [Fig],C00184  Dihydroxyacetone
144,C02022,Carbohydrates,Monosaccharides,Ketoses [Fig],C02022  D-Erythrulose
145,C02045,Carbohydrates,Monosaccharides,Ketoses [Fig],C02045  L-Erythrulose
146,C00309,Carbohydrates,Monosaccharides,Ketoses [Fig],C00309  D-Ribulose
147,C00508,Carbohydrates,Monosaccharides,Ketoses [Fig],C00508  L-Ribulose
148,C00310,Carbohydrates,Monosaccharides,Ketoses [Fig],C00310  D-Xylulose
149,C00312,Carbohydrates,Monosaccharides,Ketoses [Fig],C00312  L-Xylulose
150,C00095,Carbohydrates,Monosaccharides,Ketoses [Fig],C00095  D-Fructose; Fruit sugar
151,C01719,Carbohydrates,Monosaccharides,Ketoses [Fig],C01719  L-Fructose
152,C00764,Carbohydrates,Monosaccharides,Ketoses [Fig],C00764  D-Sorbose
153,C00247,Carbohydrates,Monosaccharides,Ketoses [Fig],C00247  L-Sorbose
154,C00795,Carbohydrates,Monosaccharides,Ketoses [Fig],C00795  D-Tagatose
155,C06468,Carbohydrates,Monosaccharides,Ketoses [Fig],C06468  D-Psicose
156,C02076,Carbohydrates,Monosaccharides,Ketoses [Fig],C02076  Sedoheptulose
157,C19612,Carbohydrates,Monosaccharides,Ketoses [Fig],C19612  Coriose
158,C01801,Carbohydrates,Monosaccharides,Deoxy sugars [Fig],C01801  Deoxyribose
159,C01018,Carbohydrates,Monosaccharides,Deoxy sugars [Fig],C01018  D-Fucose
160,C01019,Carbohydrates,Monosaccharides,Deoxy sugars [Fig],C01019  L-Fucose
161,C01684,Carbohydrates,Monosaccharides,Deoxy sugars [Fig],C01684  D-Rhamnose
162,C00507,Carbohydrates,Monosaccharides,Deoxy sugars [Fig],C00507  L-Rhamnose
163,C00586,Carbohydrates,Monosaccharides,Deoxy sugars [Fig],C00586  2-Deoxy-D-glucose
164,C02522,Carbohydrates,Monosaccharides,Deoxy sugars [Fig],C02522  D-Quinovose
165,C02781,Carbohydrates,Monosaccharides,Deoxy sugars [Fig],C02781  2-Deoxy-D-galactose
166,C06471,Carbohydrates,Monosaccharides,Deoxy sugars [Fig],C06471  Abequose
167,C00329,Carbohydrates,Monosaccharides,Amino sugars [Fig],C00329  D-Glucosamine
168,C02262,Carbohydrates,Monosaccharides,Amino sugars [Fig],C02262  D-Galactosamine
169,C03570,Carbohydrates,Monosaccharides,Amino sugars [Fig],C03570  D-Mannosamine
170,C15478,Carbohydrates,Monosaccharides,Amino sugars [Fig],C15478  D-Fucosamine
171,C15479,Carbohydrates,Monosaccharides,Amino sugars [Fig],C15479  D-Quinovosamine
172,C06469,Carbohydrates,Monosaccharides,Amino sugars [Fig],C06469  Neuraminic acid
173,C06470,Carbohydrates,Monosaccharides,Amino sugars [Fig],C06470  Muramic acid
174,C00140,Carbohydrates,Monosaccharides,Amino sugars [Fig],C00140  N-Acetyl-D-glucosamine
175,C01132,Carbohydrates,Monosaccharides,Amino sugars [Fig],C01132  N-Acetyl-D-galactosamine
176,C00645,Carbohydrates,Monosaccharides,Amino sugars [Fig],C00645  N-Acetyl-D-mannosamine
177,C15480,Carbohydrates,Monosaccharides,Amino sugars [Fig],C15480  N-Acetyl-D-fucosamine
178,C15481,Carbohydrates,Monosaccharides,Amino sugars [Fig],C15481  N-Acetyl-D-quinovosamine
179,C00270,Carbohydrates,Monosaccharides,Amino sugars [Fig],C00270  N-Acetylneuraminic acid
180,C02713,Carbohydrates,Monosaccharides,Amino sugars [Fig],C02713  N-Acetylmuramic acid
181,C03525,Carbohydrates,Monosaccharides,Amino sugars [Fig],C03525  O-Acetylneuraminic acid
182,C03410,Carbohydrates,Monosaccharides,Amino sugars [Fig],C03410  N-Glycoloyl-neuraminate
183,C00905,Carbohydrates,Monosaccharides,Sugar acids [Fig],C00905  D-Fructuronic acid
184,C00558,Carbohydrates,Monosaccharides,Sugar acids [Fig],C00558  D-Tagaturonic acid
185,C00191,Carbohydrates,Monosaccharides,Sugar acids [Fig],C00191  D-Glucuronic acid
186,C00333,Carbohydrates,Monosaccharides,Sugar acids [Fig],C00333  D-Galacturonic acid
187,C02024,Carbohydrates,Monosaccharides,Sugar acids [Fig],C02024  D-Mannuronic acid
188,C06472,Carbohydrates,Monosaccharides,Sugar acids [Fig],C06472  L-Iduronic acid
189,C06477,Carbohydrates,Monosaccharides,Sugar acids [Fig],C06477  L-Guluronic acid
190,C00257,Carbohydrates,Monosaccharides,Sugar acids [Fig],C00257  D-Gluconic acid
191,C03752,Carbohydrates,Monosaccharides,Sugar acids [Fig],C03752  D-Glucosaminic acid
192,C06473,Carbohydrates,Monosaccharides,Sugar acids [Fig],C06473  2-Keto-D-gluconic acid
193,C01187,Carbohydrates,Monosaccharides,Sugar acids [Fig],C01187  3-Deoxy-D-manno-octulosonic acid
194,C00116,Carbohydrates,Monosaccharides,Sugar alcohols [Fig],C00116  Glycerol
195,C00379,Carbohydrates,Monosaccharides,Sugar alcohols [Fig],C00379  Xylitol
196,C00794,Carbohydrates,Monosaccharides,Sugar alcohols [Fig],C00794  Sorbitol
197,C00392,Carbohydrates,Monosaccharides,Sugar alcohols [Fig],C00392  Mannitol
198,C00137,Carbohydrates,Monosaccharides,Sugar alcohols [Fig],C00137  myo-Inositol
199,C00089,Carbohydrates,Oligosaccharides [Fig],Disaccharides,C00089  Sucrose; Cane sugar
200,C00243,Carbohydrates,Oligosaccharides [Fig],Disaccharides,C00243  Lactose; Milk sugar
201,C00208,Carbohydrates,Oligosaccharides [Fig],Disaccharides,C00208  Maltose; Malt sugar
202,C01083,Carbohydrates,Oligosaccharides [Fig],Disaccharides,C01083  Trehalose
203,C00185,Carbohydrates,Oligosaccharides [Fig],Disaccharides,C00185  Cellobiose
204,C19632,Carbohydrates,Oligosaccharides [Fig],Disaccharides,C19632  Kojibiose
205,C01518,Carbohydrates,Oligosaccharides [Fig],Disaccharides,C01518  Nigerose
206,C00252,Carbohydrates,Oligosaccharides [Fig],Disaccharides,C00252  Isomaltose
207,C08250,Carbohydrates,Oligosaccharides [Fig],Disaccharides,C08250  Sophorose
208,C02048,Carbohydrates,Oligosaccharides [Fig],Disaccharides,C02048  Laminaribiose
209,C08240,Carbohydrates,Oligosaccharides [Fig],Disaccharides,C08240  Gentiobiose
210,C19636,Carbohydrates,Oligosaccharides [Fig],Disaccharides,C19636  Turanose
211,C19633,Carbohydrates,Oligosaccharides [Fig],Disaccharides,C19633  Maltulose
212,C01742,Carbohydrates,Oligosaccharides [Fig],Disaccharides,C01742  Palatinose
213,C19635,Carbohydrates,Oligosaccharides [Fig],Disaccharides,C19635  Scillabiose
214,C01728,Carbohydrates,Oligosaccharides [Fig],Disaccharides,C01728  Mannobiose
215,C05402,Carbohydrates,Oligosaccharides [Fig],Disaccharides,C05402  Melibiose
216,C06372,Carbohydrates,Oligosaccharides [Fig],Disaccharides,C06372  Lacto-N-biose
217,C19634,Carbohydrates,Oligosaccharides [Fig],Disaccharides,C19634  Melibiulose
218,C08247,Carbohydrates,Oligosaccharides [Fig],Disaccharides,C08247  Rutinose
219,C01625,Carbohydrates,Oligosaccharides [Fig],Disaccharides,C01625  Vicianose
220,C01630,Carbohydrates,Oligosaccharides [Fig],Disaccharides,C01630  Xylobiose
221,C06371,Carbohydrates,Oligosaccharides [Fig],Tetrasaccharides,C06371  Lacto-N-tetraose
222,G10481,Carbohydrates,Polysaccharides [Fig],Homopolysaccharides,G10481  Cellulose
223,G10495,Carbohydrates,Polysaccharides [Fig],Homopolysaccharides,G10495  Amylose
224,G04981,Carbohydrates,Polysaccharides [Fig],Homopolysaccharides,G04981  Inulin
225,G10483,Carbohydrates,Polysaccharides [Fig],Homopolysaccharides,G10483  Chitin
226,G10536,Carbohydrates,Polysaccharides [Fig],Homopolysaccharides,G10536  Chitosan
227,G11610,Carbohydrates,Polysaccharides [Fig],Homopolysaccharides,G11610  Amylopectin
228,G11603,Carbohydrates,Polysaccharides [Fig],Homopolysaccharides,G11603  Glycogen
229,G10591,Carbohydrates,Polysaccharides [Fig],Homopolysaccharides,G10591  Pectin
230,G11598,Carbohydrates,Polysaccharides [Fig],Heteropolysaccharides,G11598  Glucomannan
231,G11599,Carbohydrates,Polysaccharides [Fig],Heteropolysaccharides,G11599  Galactoglucomannan
232,G11622,Carbohydrates,Polysaccharides [Fig],Heteropolysaccharides,G11622  Xyloglucan
233,G11623,Carbohydrates,Polysaccharides [Fig],Heteropolysaccharides,G11623  4-O-Methylglucuronoxylan
234,G11619,Carbohydrates,Polysaccharides [Fig],Heteropolysaccharides,G11619  Arabinoxylan
235,G11624,Carbohydrates,Polysaccharides [Fig],Heteropolysaccharides,G11624  4-O-Methylglucuronoarabinoxylran
236,G11334,Carbohydrates,Polysaccharides [Fig],Heteropolysaccharides,G11334  Chondroitin
237,G10505,Carbohydrates,Polysaccharides [Fig],Heteropolysaccharides,G10505  Hyaluronic acid
238,G10593,Carbohydrates,Polysaccharides [Fig],Heteropolysaccharides,G10593  Alginic acid
239,C00147,Nucleic acids,Bases [Fig],Purines,C00147  Adenine (Ade)
240,C00242,Nucleic acids,Bases [Fig],Purines,C00242  Guanine (Gua)
241,C00106,Nucleic acids,Bases [Fig],Pyrimidines,C00106  Uracil (Ura)
242,C00178,Nucleic acids,Bases [Fig],Pyrimidines,C00178  Thymine (Thy)
243,C00380,Nucleic acids,Bases [Fig],Pyrimidines,C00380  Cytosine (Cyt)
244,C00212,Nucleic acids,Nucleosides [Fig],Ribonucleosides,C00212  Adenosine (A)
245,C00387,Nucleic acids,Nucleosides [Fig],Ribonucleosides,C00387  Guanosine (G)
246,C00299,Nucleic acids,Nucleosides [Fig],Ribonucleosides,C00299  Uridine (U)
247,C00475,Nucleic acids,Nucleosides [Fig],Ribonucleosides,C00475  Cytidine (C)
248,C00559,Nucleic acids,Nucleosides [Fig],Deoxyribonucleosides,C00559  Deoxyadenosine (dA)
249,C00330,Nucleic acids,Nucleosides [Fig],Deoxyribonucleosides,C00330  Deoxyguanosine (dG)
250,C00526,Nucleic acids,Nucleosides [Fig],Deoxyribonucleosides,C00526  Deoxyuridine (dU)
251,C00214,Nucleic acids,Nucleosides [Fig],Deoxyribonucleosides,C00214  Deoxythymidine (dT)
252,C00881,Nucleic acids,Nucleosides [Fig],Deoxyribonucleosides,C00881  Deoxycytidine (dC)
253,C00020,Nucleic acids,Nucleotides [Fig],Ribonucleotides,C00020  AMP
254,C00008,Nucleic acids,Nucleotides [Fig],Ribonucleotides,C00008  ADP
255,C00002,Nucleic acids,Nucleotides [Fig],Ribonucleotides,C00002  ATP
256,C00144,Nucleic acids,Nucleotides [Fig],Ribonucleotides,C00144  GMP
257,C00035,Nucleic acids,Nucleotides [Fig],Ribonucleotides,C00035  GDP
258,C00044,Nucleic acids,Nucleotides [Fig],Ribonucleotides,C00044  GTP
259,C00105,Nucleic acids,Nucleotides [Fig],Ribonucleotides,C00105  UMP
260,C00015,Nucleic acids,Nucleotides [Fig],Ribonucleotides,C00015  UDP
261,C00075,Nucleic acids,Nucleotides [Fig],Ribonucleotides,C00075  UTP
262,C00055,Nucleic acids,Nucleotides [Fig],Ribonucleotides,C00055  CMP
263,C00112,Nucleic acids,Nucleotides [Fig],Ribonucleotides,C00112  CDP
264,C00063,Nucleic acids,Nucleotides [Fig],Ribonucleotides,C00063  CTP
265,C00360,Nucleic acids,Nucleotides [Fig],Deoxyribonucleotides,C00360  dAMP
266,C00206,Nucleic acids,Nucleotides [Fig],Deoxyribonucleotides,C00206  dADP
267,C00131,Nucleic acids,Nucleotides [Fig],Deoxyribonucleotides,C00131  dATP
268,C00362,Nucleic acids,Nucleotides [Fig],Deoxyribonucleotides,C00362  dGMP
269,C00361,Nucleic acids,Nucleotides [Fig],Deoxyribonucleotides,C00361  dGDP
270,C00286,Nucleic acids,Nucleotides [Fig],Deoxyribonucleotides,C00286  dGTP
271,C00365,Nucleic acids,Nucleotides [Fig],Deoxyribonucleotides,C00365  dUMP
272,C01346,Nucleic acids,Nucleotides [Fig],Deoxyribonucleotides,C01346  dUDP
273,C00460,Nucleic acids,Nucleotides [Fig],Deoxyribonucleotides,C00460  dUTP
274,C00364,Nucleic acids,Nucleotides [Fig],Deoxyribonucleotides,C00364  dTMP
275,C00363,Nucleic acids,Nucleotides [Fig],Deoxyribonucleotides,C00363  dTDP
276,C00459,Nucleic acids,Nucleotides [Fig],Deoxyribonucleotides,C00459  dTTP
277,C00239,Nucleic acids,Nucleotides [Fig],Deoxyribonucleotides,C00239  dCMP
278,C00705,Nucleic acids,Nucleotides [Fig],Deoxyribonucleotides,C00705  dCDP
279,C00458,Nucleic acids,Nucleotides [Fig],Deoxyribonucleotides,C00458  dCTP
280,C00575,Nucleic acids,Cyclic nucleotides [Fig],"3',5'-Cyclic nuclcleotides","C00575  3',5'-Cyclic AMP"
281,C00942,Nucleic acids,Cyclic nucleotides [Fig],"3',5'-Cyclic nuclcleotides","C00942  3',5'-Cyclic GMP"
282,C00943,Nucleic acids,Cyclic nucleotides [Fig],"3',5'-Cyclic nuclcleotides","C00943  3',5'-Cyclic IMP"
283,C00968,Nucleic acids,Cyclic nucleotides [Fig],"3',5'-Cyclic nuclcleotides","C00968  3',5'-Cyclic dAMP"
284,C02507,Nucleic acids,Cyclic nucleotides [Fig],"3',5'-Cyclic nuclcleotides","C02507  3',5'-Cyclic dGMP"
285,C00941,Nucleic acids,Cyclic nucleotides [Fig],"3',5'-Cyclic nuclcleotides","C00941  3',5'-Cyclic CMP"
286,C02353,Nucleic acids,Cyclic nucleotides [Fig],"2',3'-Cyclic nucleotides","C02353  2',3'-Cyclic AMP"
287,C06194,Nucleic acids,Cyclic nucleotides [Fig],"2',3'-Cyclic nucleotides","C06194  2',3'-Cyclic GMP"
288,C02354,Nucleic acids,Cyclic nucleotides [Fig],"2',3'-Cyclic nucleotides","C02354  2',3'-Cyclic CMP"
289,C02355,Nucleic acids,Cyclic nucleotides [Fig],"2',3'-Cyclic nucleotides","C02355  2',3'-Cyclic UMP"
290,C01262,Peptides,Peptides,Dipeptides [Fig],C01262  Anserine
291,C00386,Peptides,Peptides,Dipeptides [Fig],C00386  Carnosine
292,C00993,Peptides,Peptides,Dipeptides [Fig],C00993  D-Alanyl-D-alanine
293,C00037,Peptides,Amino acids,Common amino acids [Fig],C00037  Glycine (Gly)
294,C00041,Peptides,Amino acids,Common amino acids [Fig],C00041  Alanine (Ala)
295,C00183,Peptides,Amino acids,Common amino acids [Fig],C00183  Valine (Val)
296,C00123,Peptides,Amino acids,Common amino acids [Fig],C00123  Leucine (Leu)
297,C00407,Peptides,Amino acids,Common amino acids [Fig],C00407  Isoleucine (Ile)
298,C00049,Peptides,Amino acids,Common amino acids [Fig],C00049  Aspartic acid (Asp)
299,C00152,Peptides,Amino acids,Common amino acids [Fig],C00152  Asparagine (Asn)
300,C00025,Peptides,Amino acids,Common amino acids [Fig],C00025  Glutamic acid (Glu)
301,C00064,Peptides,Amino acids,Common amino acids [Fig],C00064  Glutamine (Gln)
302,C00065,Peptides,Amino acids,Common amino acids [Fig],C00065  Serine (Ser)
303,C00188,Peptides,Amino acids,Common amino acids [Fig],C00188  Threonine (Thr)
304,C00073,Peptides,Amino acids,Common amino acids [Fig],C00073  Methionine (Met)
305,C00097,Peptides,Amino acids,Common amino acids [Fig],C00097  Cysteine (Cys)
306,C00047,Peptides,Amino acids,Common amino acids [Fig],C00047  Lysine (Lys)
307,C00062,Peptides,Amino acids,Common amino acids [Fig],C00062  Arginine (Arg)
308,C00135,Peptides,Amino acids,Common amino acids [Fig],C00135  Histidine (His)
309,C00148,Peptides,Amino acids,Common amino acids [Fig],C00148  Proline (Pro)
310,C00079,Peptides,Amino acids,Common amino acids [Fig],C00079  Phenylalanine (Phe)
311,C00082,Peptides,Amino acids,Common amino acids [Fig],C00082  Tyrosine (Tyr)
312,C00078,Peptides,Amino acids,Common amino acids [Fig],C00078  Tryptophan (Trp)
313,C05688,Peptides,Amino acids,Other amino acids [Fig],C05688  Selenocysteine (Sec)
314,C16138,Peptides,Amino acids,Other amino acids [Fig],C16138  Pyrrolysine (Pyl)
315,C00077,Peptides,Amino acids,Other amino acids [Fig],C00077  L-Ornithine
316,C00155,Peptides,Amino acids,Other amino acids [Fig],C00155  L-Homocysteine
317,C00263,Peptides,Amino acids,Other amino acids [Fig],C00263  L-Homoserine
318,C00327,Peptides,Amino acids,Other amino acids [Fig],C00327  L-Citrulline
319,C00606,Peptides,Amino acids,Other amino acids [Fig],C00606  3-Sulfino-L-alanine
320,C03406,Peptides,Amino acids,Other amino acids [Fig],C03406  L-Argininosuccinate
321,C00355,Peptides,Amino acids,Other amino acids [Fig],"C00355  3,4-Dihydroxy-L-phenylalanine"
322,C02515,Peptides,Amino acids,Other amino acids [Fig],C02515  3-Iodo-L-tyrosine
323,C01060,Peptides,Amino acids,Other amino acids [Fig],"C01060  3,5-Diiodo-L-tyrosine"
324,C02465,Peptides,Amino acids,Other amino acids [Fig],C02465  Triiodothyronine
325,C01829,Peptides,Amino acids,Other amino acids [Fig],C01829  L-Thyroxine
326,C00099,Peptides,Amino acids,Other amino acids [Fig],C00099  beta-Alanine
327,C00334,Peptides,Amino acids,Other amino acids [Fig],C00334  gamma-Aminobutyric acid
328,C05145,Peptides,Amino acids,Other amino acids [Fig],C05145  3-Aminoisobutyric acid
329,C00133,Peptides,Amino acids,Other amino acids [Fig],C00133  D-Alanine
330,C06417,Peptides,Amino acids,Other amino acids [Fig],C06417  D-Valine
331,C01570,Peptides,Amino acids,Other amino acids [Fig],C01570  D-Leucine
332,C06418,Peptides,Amino acids,Other amino acids [Fig],C06418  D-Isoleucine
333,C00402,Peptides,Amino acids,Other amino acids [Fig],C00402  D-Aspartic acid
334,C01905,Peptides,Amino acids,Other amino acids [Fig],C01905  D-Asparagine
335,C00217,Peptides,Amino acids,Other amino acids [Fig],C00217  D-Glutamic acid
336,C00819,Peptides,Amino acids,Other amino acids [Fig],C00819  D-Glutamine
337,C00740,Peptides,Amino acids,Other amino acids [Fig],C00740  D-Serine
338,C00820,Peptides,Amino acids,Other amino acids [Fig],C00820  D-Threonine
339,C00855,Peptides,Amino acids,Other amino acids [Fig],C00855  D-Methionine
340,C00793,Peptides,Amino acids,Other amino acids [Fig],C00793  D-Cysteine
341,C00739,Peptides,Amino acids,Other amino acids [Fig],C00739  D-Lysine
342,C00792,Peptides,Amino acids,Other amino acids [Fig],C00792  D-Arginine
343,C06419,Peptides,Amino acids,Other amino acids [Fig],C06419  D-Histidine
344,C00763,Peptides,Amino acids,Other amino acids [Fig],C00763  D-Proline
345,C02265,Peptides,Amino acids,Other amino acids [Fig],C02265  D-Phenylalanine
346,C06420,Peptides,Amino acids,Other amino acids [Fig],C06420  D-Tyrosine
347,C00525,Peptides,Amino acids,Other amino acids [Fig],C00525  D-Tryptophan
348,C01879,Peptides,Amino acids,Other amino acids [Fig],C01879  Pidolic acid
349,C01157,Peptides,Amino acids,Other amino acids [Fig],C01157  Hydroxyproline
350,C01420,Peptides,Amino acids,Other amino acids [Fig],C01420  Cystine
351,C03145,Peptides,Amino acids,Other amino acids [Fig],C03145  N-Formylmethionine
352,C00189,Peptides,Amines,Biogenic amines [Fig],C00189  Ethanolamine
353,C01678,Peptides,Amines,Biogenic amines [Fig],C01678  Cysteamine
354,C03194,Peptides,Amines,Biogenic amines [Fig],C03194  Aminopropanol
355,C00099,Peptides,Amines,Biogenic amines [Fig],C00099  beta-Alanine
356,C00334,Peptides,Amines,Biogenic amines [Fig],C00334  gamma-Aminobutyric acid (GABA)
357,C00134,Peptides,Amines,Biogenic amines [Fig],C00134  Putrescine
358,C00388,Peptides,Amines,Biogenic amines [Fig],C00388  Histamine
359,C03758,Peptides,Amines,Biogenic amines [Fig],C03758  Dopamine
360,C00780,Peptides,Amines,Biogenic amines [Fig],C00780  Serotonin
361,C00483,Peptides,Amines,Biogenic amines [Fig],C00483  Tyramine
362,C05332,Peptides,Amines,Biogenic amines [Fig],C05332  Phenethylamine
363,C01137,Peptides,Amines,Biogenic amines [Fig],C01137  S-Adenosylmethioninamine
364,C00473,Vitamins and cofactors,Vitamins,Fat-soluble vitamins [Fig],C00473  Retinol (Vitamin A)
365,C05441,Vitamins and cofactors,Vitamins,Fat-soluble vitamins [Fig],C05441  Ergocalciferol (Vitamin D2)
366,C05443,Vitamins and cofactors,Vitamins,Fat-soluble vitamins [Fig],C05443  Cholecalciferol (Vitamin D3)
367,C02477,Vitamins and cofactors,Vitamins,Fat-soluble vitamins [Fig],C02477  alpha-Tocopherol (Vitamin E)
368,C02059,Vitamins and cofactors,Vitamins,Fat-soluble vitamins [Fig],C02059  Phylloquinone (Vitamin K1)
369,C00828,Vitamins and cofactors,Vitamins,Fat-soluble vitamins [Fig],C00828  Menaquinone (Vitamin K2)
370,C00378,Vitamins and cofactors,Vitamins,Water-soluble vitamins [Fig],C00378  Thiamine (Vitamin B1)
371,C00255,Vitamins and cofactors,Vitamins,Water-soluble vitamins [Fig],C00255  Riboflavin (Vitamin B2)
372,C00253,Vitamins and cofactors,Vitamins,Water-soluble vitamins [Fig],C00253  Nicotinic acid (Vitamin B3)
373,C00153,Vitamins and cofactors,Vitamins,Water-soluble vitamins [Fig],C00153  Nicotinamide (Vitamin B3)
374,C00864,Vitamins and cofactors,Vitamins,Water-soluble vitamins [Fig],C00864  Pantothenic acid (Vitamin B5)
375,C00250,Vitamins and cofactors,Vitamins,Water-soluble vitamins [Fig],C00250  Pyridoxal (Vitamin B6)
376,C00314,Vitamins and cofactors,Vitamins,Water-soluble vitamins [Fig],C00314  Pyridoxine (Vitamin B6)
377,C00534,Vitamins and cofactors,Vitamins,Water-soluble vitamins [Fig],C00534  Pyridoxamine (Vitamin B6)
378,C00504,Vitamins and cofactors,Vitamins,Water-soluble vitamins [Fig],C00504  Folic acid (Vitamin B9)
379,C05776,Vitamins and cofactors,Vitamins,Water-soluble vitamins [Fig],C05776  Cobalamin(III) (Vitamin B12)
380,C00072,Vitamins and cofactors,Vitamins,Water-soluble vitamins [Fig],C00072  Ascorbic acid (Vitamin C)
381,C00068,Vitamins and cofactors,Cofactors,Coenzymes [Fig],C00068  TPP
382,C00016,Vitamins and cofactors,Cofactors,Coenzymes [Fig],C00016  FAD
383,C00061,Vitamins and cofactors,Cofactors,Coenzymes [Fig],C00061  FMN
384,C00003,Vitamins and cofactors,Cofactors,Coenzymes [Fig],C00003  NAD
385,C00006,Vitamins and cofactors,Cofactors,Coenzymes [Fig],C00006  NADP
386,C00010,Vitamins and cofactors,Cofactors,Coenzymes [Fig],C00010  CoA
387,C00018,Vitamins and cofactors,Cofactors,Coenzymes [Fig],C00018  PLP
388,C00101,Vitamins and cofactors,Cofactors,Coenzymes [Fig],C00101  THF
389,C00194,Vitamins and cofactors,Cofactors,Coenzymes [Fig],C00194  Cobamamide
390,C00002,Vitamins and cofactors,Cofactors,Coenzymes [Fig],C00002  ATP
391,C00063,Vitamins and cofactors,Cofactors,Coenzymes [Fig],C00063  CTP
392,C00019,Vitamins and cofactors,Cofactors,Coenzymes [Fig],C00019  SAM
393,C00029,Vitamins and cofactors,Cofactors,Coenzymes [Fig],C00029  UDP-glucose
394,C04628,Vitamins and cofactors,Cofactors,Coenzymes [Fig],C04628  Coenzyme B
395,C05777,Vitamins and cofactors,Cofactors,Coenzymes [Fig],C05777  Coenzyme F430
396,C03576,Vitamins and cofactors,Cofactors,Coenzymes [Fig],C03576  Coenzyme M
397,C11378,Vitamins and cofactors,Cofactors,Coenzymes [Fig],C11378  Coenzyme Q10
398,C00051,Vitamins and cofactors,Cofactors,Coenzymes [Fig],C00051  Glutathione
399,C00862,Vitamins and cofactors,Cofactors,Coenzymes [Fig],C00862  Methanofuran
400,C00053,Vitamins and cofactors,Cofactors,Coenzymes [Fig],C00053  PAPS
401,C00272,Vitamins and cofactors,Cofactors,Coenzymes [Fig],C00272  Tetrahydrobiopterin
402,C01217,Vitamins and cofactors,Cofactors,Coenzymes [Fig],"C01217  5,6,7,8-Tetrahydromethanopterin"
403,C15670,Vitamins and cofactors,Cofactors,Coenzymes [Fig],C15670  Heme A
404,C00032,Vitamins and cofactors,Cofactors,Coenzymes [Fig],C00032  Heme B
405,C15672,Vitamins and cofactors,Cofactors,Coenzymes [Fig],C15672  Heme O
406,C00120,Vitamins and cofactors,Cofactors,Coenzymes [Fig],C00120  Biotin
407,C00725,Vitamins and cofactors,Cofactors,Coenzymes [Fig],C00725  Lipoate
408,C18237,Vitamins and cofactors,Cofactors,Coenzymes [Fig],C18237  Molybdenum cofactor
409,C00113,Vitamins and cofactors,Cofactors,Coenzymes [Fig],C00113  PQQ
410,C02537,Steroids,18-Carbon atoms,Estrane derivatives [Fig],C02537  Estradiol-17alpha
411,C00951,Steroids,18-Carbon atoms,Estrane derivatives [Fig],C00951  Estradiol-17beta
412,C05141,Steroids,18-Carbon atoms,Estrane derivatives [Fig],C05141  Estriol
413,C00468,Steroids,18-Carbon atoms,Estrane derivatives [Fig],C00468  Estrone
414,C14392,Steroids,18-Carbon atoms,Estrane derivatives [Fig],C14392  Equilin
415,C14303,Steroids,18-Carbon atoms,Estrane derivatives [Fig],C14303  Equilenin
416,C05301,Steroids,18-Carbon atoms,Estrane derivatives [Fig],C05301  2-Hydroxyestradiol
417,C03935,Steroids,18-Carbon atoms,Estrane derivatives [Fig],C03935  6beta-Hydroxyestradiol-17beta
418,C05302,Steroids,18-Carbon atoms,Estrane derivatives [Fig],C05302  2-Methoxyestradiol-17beta
419,C05285,Steroids,19-Carbon atoms,Androstane derivatives [Fig],C05285  Adrenosterone
420,C00523,Steroids,19-Carbon atoms,Androstane derivatives [Fig],C00523  Androsterone
421,C03772,Steroids,19-Carbon atoms,Androstane derivatives [Fig],"C03772  5beta-Androstane-3,17-dione"
422,C07632,Steroids,19-Carbon atoms,Androstane derivatives [Fig],C07632  Androstanediol
423,C15638,Steroids,19-Carbon atoms,Androstane derivatives [Fig],C15638  3-Androstanol
424,C04295,Steroids,19-Carbon atoms,Androstane derivatives [Fig],C04295  Androstenediol
425,C00280,Steroids,19-Carbon atoms,Androstane derivatives [Fig],C00280  Androstenedione
426,C14210,Steroids,19-Carbon atoms,Androstane derivatives [Fig],C14210  4-Androstenediol
427,C01227,Steroids,19-Carbon atoms,Androstane derivatives [Fig],C01227  Dehydroepiandrosterone
428,C03917,Steroids,19-Carbon atoms,Androstane derivatives [Fig],C03917  Dihydrotestosterone
429,C04373,Steroids,19-Carbon atoms,Androstane derivatives [Fig],C04373  Etiocholanolone
430,C00535,Steroids,19-Carbon atoms,Androstane derivatives [Fig],C00535  Testosterone
431,C01953,Steroids,21-Carbon atoms,Pregnane derivatives [Fig],C01953  Pregnenolone
432,C00410,Steroids,21-Carbon atoms,Pregnane derivatives [Fig],C00410  Progesterone
433,C01780,Steroids,21-Carbon atoms,Pregnane derivatives [Fig],C01780  Aldosterone
434,C03205,Steroids,21-Carbon atoms,Pregnane derivatives [Fig],C03205  11-Deoxycorticosterone
435,C02140,Steroids,21-Carbon atoms,Pregnane derivatives [Fig],C02140  Corticosterone
436,C00735,Steroids,21-Carbon atoms,Pregnane derivatives [Fig],C00735  Cortisol
437,C00762,Steroids,21-Carbon atoms,Pregnane derivatives [Fig],C00762  Cortisone
438,C08859,Steroids,23-Carbon atoms,Cardanolide derivatives [Fig],C08859  Cymarin
439,C08866,Steroids,23-Carbon atoms,Cardanolide derivatives [Fig],C08866  Gitoxin
440,C08876,Steroids,23-Carbon atoms,Cardanolide derivatives [Fig],C08876  Neriifolin
441,C06955,Steroids,23-Carbon atoms,Cardanolide derivatives [Fig],C06955  Digitoxin
442,C06956,Steroids,23-Carbon atoms,Cardanolide derivatives [Fig],C06956  Digoxin
443,C01443,Steroids,23-Carbon atoms,Cardanolide derivatives [Fig],C01443  Ouabain
444,C00695,Steroids,24-Carbon atoms,Cholane derivatives [Fig],C00695  Cholic acid
445,C02528,Steroids,24-Carbon atoms,Cholane derivatives [Fig],C02528  Chenodeoxycholate
446,C04483,Steroids,24-Carbon atoms,Cholane derivatives [Fig],C04483  Deoxycholic acid
447,C03990,Steroids,24-Carbon atoms,Cholane derivatives [Fig],C03990  Lithocholic acid
448,C07880,Steroids,24-Carbon atoms,Cholane derivatives [Fig],C07880  Ursodiol
449,C01921,Steroids,24-Carbon atoms,Cholane derivatives [Fig],C01921  Glycocholate
450,C05122,Steroids,24-Carbon atoms,Cholane derivatives [Fig],C05122  Taurocholate
451,C15517,Steroids,24-Carbon atoms,Cholane derivatives [Fig],C15517  Hyodeoxycholate
452,C15515,Steroids,24-Carbon atoms,Cholane derivatives [Fig],C15515  Murideoxycholate
453,C03070,Steroids,24-Carbon atoms,Cholane derivatives [Fig],C03070  3-Oxo-5beta-cholanate
454,C08868,Steroids,24-Carbon atoms,Bufanolide derivatives [Fig],C08868  Hellebrin
455,C17058,Steroids,24-Carbon atoms,Bufanolide derivatives [Fig],C17058  Resibufogenin
456,C16922,Steroids,24-Carbon atoms,Bufanolide derivatives [Fig],C16922  Bufalin
457,C16923,Steroids,24-Carbon atoms,Bufanolide derivatives [Fig],C16923  Bufotalin
458,C16931,Steroids,24-Carbon atoms,Bufanolide derivatives [Fig],C16931  Cinobufagin
459,C16932,Steroids,24-Carbon atoms,Bufanolide derivatives [Fig],C16932  Cinobufotalin
460,C16962,Steroids,24-Carbon atoms,Bufanolide derivatives [Fig],C16962  Gamabufogenin
461,C16969,Steroids,24-Carbon atoms,Bufanolide derivatives [Fig],C16969  Hellebrigenin
462,C17072,Steroids,24-Carbon atoms,Bufanolide derivatives [Fig],C17072  Telocinobufagin
463,C12816,Steroids,24-Carbon atoms,Bufanolide derivatives [Fig],C12816  Proscillaridin
464,C19643,Steroids,24-Carbon atoms,Bufanolide derivatives [Fig],C19643  Scillarenin
465,C08880,Steroids,24-Carbon atoms,Bufanolide derivatives [Fig],C08880  Scilliroside
466,C15337,Steroids,27-Carbon atoms,Cholestane derivatives [Fig],C15337  Allocholesterol
467,C00187,Steroids,27-Carbon atoms,Cholestane derivatives [Fig],C00187  Cholesterol
468,C01164,Steroids,27-Carbon atoms,Cholestane derivatives [Fig],C01164  7-Dehydrocholesterol
469,C01802,Steroids,27-Carbon atoms,Cholestane derivatives [Fig],C01802  Desmosterol
470,C00477,Steroids,27-Carbon atoms,Cholestane derivatives [Fig],C00477  Ecdysone
471,C08896,Steroids,27-Carbon atoms,Spirostan derivatives [Fig],C08896  Digitogenin
472,C08898,Steroids,27-Carbon atoms,Spirostan derivatives [Fig],C08898  Diosgenin
473,C08899,Steroids,27-Carbon atoms,Spirostan derivatives [Fig],C08899  Gitogenin
474,C03963,Steroids,27-Carbon atoms,Spirostan derivatives [Fig],C03963  Sarsasapogenin
475,C08913,Steroids,27-Carbon atoms,Spirostan derivatives [Fig],C08913  Smilagenin
476,C08914,Steroids,27-Carbon atoms,Spirostan derivatives [Fig],C08914  Tigogenin
477,C04715,Steroids,27-Carbon atoms,Furostan derivatives [Fig],C04715  Nuatigenin
478,C19648,Steroids,27-Carbon atoms,Furostan derivatives [Fig],C19648  Pseudotigogenin
479,C19649,Steroids,27-Carbon atoms,Furostan derivatives [Fig],C19649  Pseudosarsasapogenin
480,C19650,Steroids,27-Carbon atoms,Furostan derivatives [Fig],C19650  Pseudosmilagenin
481,C19651,Steroids,28-Carbon atoms,Ergostane derivatives [Fig],C19651  Ergostanol
482,C19652,Steroids,28-Carbon atoms,Ergostane derivatives [Fig],C19652  alpha-Ergostenol
483,C01694,Steroids,28-Carbon atoms,Ergostane derivatives [Fig],C01694  Ergosterol
484,C19653,Steroids,28-Carbon atoms,Ergostane derivatives [Fig],C19653  Lumisterol
485,C08814,Steroids,28-Carbon atoms,Campestane derivatives [Fig],C08814  Brassinolide
486,C15787,Steroids,28-Carbon atoms,Campestane derivatives [Fig],C15787  Campestanol
487,C01789,Steroids,28-Carbon atoms,Campestane derivatives [Fig],C01789  Campesterol
488,C08817,Steroids,29-Carbon atoms,Stigmastane derivatives [Fig],C08817  Fucosterol
489,C19644,Steroids,29-Carbon atoms,Stigmastane derivatives [Fig],C19644  Stigmastanol
490,C05442,Steroids,29-Carbon atoms,Stigmastane derivatives [Fig],C05442  Stigmasterol
491,C08836,Steroids,29-Carbon atoms,Poriferastane derivatives [Fig],C08836  Poriferasterol
492,C19654,Steroids,29-Carbon atoms,Poriferastane derivatives [Fig],C19654  gamma-Sitosterol
493,C19657,Steroids,30-Carbon atoms,Gorgostane derivatives [Fig],C19657  Acanthasterol
494,C19655,Steroids,30-Carbon atoms,Gorgostane derivatives [Fig],C19655  Gorgosterol
495,C19656,Steroids,30-Carbon atoms,Gorgostane derivatives [Fig],C19656  Sarcoaldesterol A
496,C16086,Hormones and transmitters,Peptide hormones,Prolactin-releasing peptide [KO:K05269],C16086  Prolactin-releasing peptide-31
497,C16087,Hormones and transmitters,Peptide hormones,Prolactin-releasing peptide [KO:K05269],C16087  Prolactin-releasing peptide-20
498,C03958,Hormones and transmitters,Peptide hormones,Thyrotropin-releasing hormone [KO:K05253],C03958  Thyrotropin-releasing hormone
499,C07607,Hormones and transmitters,Peptide hormones,Gonadotropin-releasing hormone [KO:K05252],C07607  Gonadotropin-releasing hormone I
500,C16084,Hormones and transmitters,Peptide hormones,Gonadotropin-releasing hormone [KO:K05252],C16084  Gonadotropin-releasing hormone II
501,C16085,Hormones and transmitters,Peptide hormones,Growth hormone-releasing hormone [KO:K05260],C16085  Growth hormone-releasing hormone (1-29)
502,C16022,Hormones and transmitters,Peptide hormones,Somatostatin [KO:K05237],C16022  Somatostatin-14
503,C16021,Hormones and transmitters,Peptide hormones,Somatostatin [KO:K05237],C16021  Somatostatin-28
504,C16079,Hormones and transmitters,Peptide hormones,Corticotropin-releasing hormone [KO:K05256],C16079  Corticotropin releasing hormone
505,C16115,Hormones and transmitters,Peptide hormones,Gastrin-releasing peptide [KO:K05224],C16115  Gastrin-releasing peptide
506,C16030,Hormones and transmitters,Peptide hormones,Melanin-concentrating hormone [KO:K05229],C16030  Melanin-concentrating hormone
507,C00746,Hormones and transmitters,Peptide hormones,Oxytocin [KO:K05243],C00746  Oxytocin
508,C13662,Hormones and transmitters,Peptide hormones,Arginine vasopressin [KO:K05242],C13662  Arg-vasopressin
509,C02758,Hormones and transmitters,Peptide hormones,Melanotropin [KO:K05228],C02758  alpha-Melanotropin
510,C16136,Hormones and transmitters,Peptide hormones,Melanotropin [KO:K05228],C16136  beta-Melanotropin
511,C16137,Hormones and transmitters,Peptide hormones,Melanotropin [KO:K05228],C16137  gamma-Melanotropin
512,C02017,Hormones and transmitters,Peptide hormones,Corticotropin [KO:K05228],C02017  Corticotropin
513,C18181,Hormones and transmitters,Peptide hormones,Growth hormone [KO:K05438],C18181  Growth hormone
514,C18201,Hormones and transmitters,Peptide hormones,Prolactin [KO:K05439],C18201  Prolactin
515,C18182,Hormones and transmitters,Peptide hormones,Thyroid stimulating hormone [KO:K05251 K08522],C18182  Thyroid stimulating hormone
516,C18183,Hormones and transmitters,Peptide hormones,Luteinizing hormone [KO:K08521 K08522],C18183  Luteinizing hormone
517,C18184,Hormones and transmitters,Peptide hormones,Follicle stimulating hormone [KO:K05250 K08522],C18184  Follicle stimulating hormone
518,C02210,Hormones and transmitters,Peptide hormones,beta-Endorphin [KO:K05228],C02210  beta-Endorphin
519,C11684,Hormones and transmitters,Peptide hormones,Enkephalin [KO:K18832],C11684  Met-enkephalin
520,C16041,Hormones and transmitters,Peptide hormones,Enkephalin [KO:K18832],C16041  Leu-enkephalin
521,C01574,Hormones and transmitters,Peptide hormones,Dynorphin [KO:K15840],C01574  Dynorphin A
522,C16135,Hormones and transmitters,Peptide hormones,Dynorphin [KO:K15840],C16135  Dynorphin B
523,C18185,Hormones and transmitters,Peptide hormones,Chorionic gonadotropin [KO:K10045 K08522],C18185  Chorionic gonadotropin
524,C06865,Hormones and transmitters,Peptide hormones,Calcitonin [KO:K12332],C06865  Calcitonin
525,C16051,Hormones and transmitters,Peptide hormones,Parathyroid hormone [KO:K05261],C16051  Parathyroid hormone
526,C16003,Hormones and transmitters,Peptide hormones,Atrial natriuretic peptide [KO:K12334],C16003  Atrial natriuretic peptide
527,C16004,Hormones and transmitters,Peptide hormones,Brain natriuretic peptide [KO:K12335],C16004  Brain natriuretic peptide
528,C16005,Hormones and transmitters,Peptide hormones,C-Type natriuretic peptide [KO:K12336],C16005  C-Type natriuretic peptide
529,C16010,Hormones and transmitters,Peptide hormones,Endothelin [KO:K05227],C16010  Endothelin-1
530,C16012,Hormones and transmitters,Peptide hormones,Endothelin [KO:K05227],C16012  Endothelin-2
531,C16013,Hormones and transmitters,Peptide hormones,Endothelin [KO:K05227],C16013  Endothelin-3
532,C01501,Hormones and transmitters,Peptide hormones,Glucagon [KO:K05259],C01501  Glucagon
533,C00723,Hormones and transmitters,Peptide hormones,Insulin [KO:K04526],C00723  Insulin
534,C16130,Hormones and transmitters,Peptide hormones,Amylin [KO:K08039],C16130  Amylin
535,C16118,Hormones and transmitters,Peptide hormones,Peptide YY [KO:K05233],C16118  Peptide YY
536,C18186,Hormones and transmitters,Peptide hormones,Gastrin [KO:K13768],C18186  Gastrin-14
537,C16113,Hormones and transmitters,Peptide hormones,Gastrin [KO:K13768],C16113  Gastrin-17
538,C18187,Hormones and transmitters,Peptide hormones,Gastrin [KO:K13768],C18187  Gastrin-34
539,C16025,Hormones and transmitters,Peptide hormones,Ghrelin [KO:K05254],C16025  Ghrelin
540,C16114,Hormones and transmitters,Peptide hormones,Cholecystokinin [KO:K05226],C16114  Cholecystokinin-8
541,C16133,Hormones and transmitters,Peptide hormones,Cholecystokinin [KO:K05226],C16133  Cholecystokinin-33
542,C15906,Hormones and transmitters,Peptide hormones,Incretin [KO:K05258 K05259],C15906  Gastric inhibitory peptide
543,C16048,Hormones and transmitters,Peptide hormones,Incretin [KO:K05258 K05259],C16048  Glucagon-like peptide 1
544,C16047,Hormones and transmitters,Peptide hormones,Motilin [KO:K05265],C16047  Motilin
545,C13523,Hormones and transmitters,Peptide hormones,Secretin [KO:K05263],C13523  Secretin
546,C16065,Hormones and transmitters,Peptide hormones,Thymosin alpha [KO:K13784],C16065  Thymosin alpha-1
547,C16066,Hormones and transmitters,Peptide hormones,Thymosin beta-4 [KO:K05764],C16066  Thymosin beta-4
548,C16067,Hormones and transmitters,Peptide hormones,Thymosin beta-10 [KO:K13785],C16067  Thymosin beta-10
549,C16131,Hormones and transmitters,Peptide hormones,Insulin-like growth factor 1 [KO:K05459],C16131  Insulin-like growth factor I
550,C16132,Hormones and transmitters,Peptide hormones,Insulin-like growth factor 2 [KO:K13769],C16132  Insulin-like growth factor II
551,C18200,Hormones and transmitters,Peptide hormones,Erythropoietin [KO:K05437],C18200  Erythropoietin
552,C00873,Hormones and transmitters,Peptide hormones,Angiotensin [KO:K09821],C00873  Angiotensin I
553,C02135,Hormones and transmitters,Peptide hormones,Angiotensin [KO:K09821],C02135  Angiotensin II
554,C15848,Hormones and transmitters,Peptide hormones,Angiotensin [KO:K09821],C15848  Angiotensin III
555,C15849,Hormones and transmitters,Peptide hormones,Angiotensin [KO:K09821],C15849  Angiotensin IV
556,C00306,Hormones and transmitters,Peptide hormones,Bradykinin [KO:K03898],C00306  Bradykinin
557,C18188,Hormones and transmitters,Peptide hormones,Leptin [KO:K05424],C18188  Leptin
558,C18189,Hormones and transmitters,Peptide hormones,Adiponectin [KO:K07296],C18189  Adiponectin
559,C18190,Hormones and transmitters,Peptide hormones,Resistin [KO:K13438],C18190  Resistin
560,C00280,Hormones and transmitters,Steroid hormones,Androgens,C00280  Androstenedione
561,C05291,Hormones and transmitters,Steroid hormones,Androgens,C05291  7alpha-Hydroxytestosterone
562,C00535,Hormones and transmitters,Steroid hormones,Androgens,C00535  Testosterone
563,C01227,Hormones and transmitters,Steroid hormones,Androgens,C01227  Dehydroepiandrosterone
564,C03917,Hormones and transmitters,Steroid hormones,Androgens,C03917  Dihydrotestosterone
565,C04555,Hormones and transmitters,Steroid hormones,Androgens,C04555  Dehydroepiandrosterone sulfate
566,C05294,Hormones and transmitters,Steroid hormones,Androgens,C05294  19-Hydroxytestosterone
567,C00468,Hormones and transmitters,Steroid hormones,Estrogens,C00468  Estrone
568,C00951,Hormones and transmitters,Steroid hormones,Estrogens,C00951  Estradiol-17beta
569,C02538,Hormones and transmitters,Steroid hormones,Estrogens,C02538  Estrone 3-sulfate
570,C05141,Hormones and transmitters,Steroid hormones,Estrogens,C05141  Estriol
571,C05300,Hormones and transmitters,Steroid hormones,Estrogens,C05300  16alpha-Hydroxyestrone
572,C00410,Hormones and transmitters,Steroid hormones,Progestagens,C00410  Progesterone
573,C01176,Hormones and transmitters,Steroid hormones,Progestagens,C01176  17alpha-Hydroxyprogesterone
574,C01953,Hormones and transmitters,Steroid hormones,Progestagens,C01953  Pregnenolone
575,C05138,Hormones and transmitters,Steroid hormones,Progestagens,C05138  17alpha-Hydroxypregnenolone
576,C00735,Hormones and transmitters,Steroid hormones,Glucocorticoids,C00735  Cortisol
577,C00762,Hormones and transmitters,Steroid hormones,Glucocorticoids,C00762  Cortisone
578,C05488,Hormones and transmitters,Steroid hormones,Glucocorticoids,C05488  11-Deoxycortisol
579,C05470,Hormones and transmitters,Steroid hormones,Glucocorticoids,C05470  Tetrahydrocortisone
580,C05497,Hormones and transmitters,Steroid hormones,Glucocorticoids,C05497  21-Deoxycortisol
581,C01124,Hormones and transmitters,Steroid hormones,Mineralocorticoids,C01124  18-Hydroxycorticosterone
582,C01780,Hormones and transmitters,Steroid hormones,Mineralocorticoids,C01780  Aldosterone
583,C02140,Hormones and transmitters,Steroid hormones,Mineralocorticoids,C02140  Corticosterone
584,C03205,Hormones and transmitters,Steroid hormones,Mineralocorticoids,C03205  11-Deoxycorticosterone
585,C05490,Hormones and transmitters,Steroid hormones,Mineralocorticoids,C05490  11-Dehydrocorticosterone
586,C01673,Hormones and transmitters,Steroid hormones,Others,C01673  Calcitriol (Vitamin D)
587,C00477,Hormones and transmitters,Steroid hormones,Others,C00477  Ecdysone
588,C01598,Hormones and transmitters,Other hormones,Melatonin,C01598  Melatonin
589,C01829,Hormones and transmitters,Other hormones,Thyroid hormones,C01829  Thyroxine
590,C02465,Hormones and transmitters,Other hormones,Thyroid hormones,C02465  Triiodothyronine
591,C00788,Hormones and transmitters,Other hormones,Adrenalines,C00788  Adrenaline
592,C00547,Hormones and transmitters,Other hormones,Adrenalines,C00547  Noradrenaline
593,C03758,Hormones and transmitters,Other hormones,Dopamine,C03758  Dopamine
594,C00388,Hormones and transmitters,Other hormones,Histamine,C00388  Histamine
595,C01996,Hormones and transmitters,Neurotransmitters [Fig],Acetylcholine,C01996  Acetylcholine
596,C00037,Hormones and transmitters,Neurotransmitters [Fig],Amino acids,C00037  Glycine
597,C00049,Hormones and transmitters,Neurotransmitters [Fig],Amino acids,C00049  Aspartate
598,C00025,Hormones and transmitters,Neurotransmitters [Fig],Amino acids,C00025  Glutamate
599,C00334,Hormones and transmitters,Neurotransmitters [Fig],Amino acids,C00334  GABA
600,C00355,Hormones and transmitters,Neurotransmitters [Fig],Amino acids,C00355  Dopa
601,C01829,Hormones and transmitters,Neurotransmitters [Fig],Amino acids,C01829  Thyroxine
602,C03758,Hormones and transmitters,Neurotransmitters [Fig],Biogenic amines,C03758  Dopamine
603,C00788,Hormones and transmitters,Neurotransmitters [Fig],Biogenic amines,C00788  Epinephrine; Adrenaline
604,C00547,Hormones and transmitters,Neurotransmitters [Fig],Biogenic amines,C00547  Norepinephrine; Noradrenaline
605,C00780,Hormones and transmitters,Neurotransmitters [Fig],Biogenic amines,C00780  Serotonin
606,C00388,Hormones and transmitters,Neurotransmitters [Fig],Biogenic amines,C00388  Histamine
607,C05551,Antibiotics,beta-Lactams [Fig],Penams,C05551  Penicillin G
608,C06574,Antibiotics,beta-Lactams [Fig],Penams,C06574  Ampicillin
609,C00916,Antibiotics,beta-Lactams [Fig],Cephems,C00916  Cephalosporin C
610,C06566,Antibiotics,beta-Lactams [Fig],Cephems,C06566  Cephamycin C
611,C06880,Antibiotics,beta-Lactams [Fig],Cephems,C06880  Cefazolin
612,C06683,Antibiotics,beta-Lactams [Fig],Cephems,C06683  Ceftriaxone
613,C06662,Antibiotics,beta-Lactams [Fig],Clavams,C06662  Clavulanic acid
614,C06664,Antibiotics,beta-Lactams [Fig],Carbapenems,C06664  Thienamycin
615,C06665,Antibiotics,beta-Lactams [Fig],Carbapenems,C06665  Imipenem
616,C01941,Antibiotics,beta-Lactams [Fig],Monobactams,C01941  Nocardicin A
617,C06840,Antibiotics,beta-Lactams [Fig],Monobactams,C06840  Aztreonam
618,C00413,Antibiotics,Aminoglycosides [Fig],Streptidines,C00413  Streptomycin
619,C02078,Antibiotics,Aminoglycosides [Fig],Actinamines,C02078  Spectinomycin
620,C00304,Antibiotics,Aminoglycosides [Fig],2-Deoxystreptamines,C00304  Kanamycin
621,C01918,Antibiotics,Aminoglycosides [Fig],2-Deoxystreptamines,C01918  Gentamicin C
622,C01737,Antibiotics,Aminoglycosides [Fig],2-Deoxystreptamines,C01737  Neomycin B
623,C17585,Antibiotics,Aminoglycosides [Fig],2-Deoxystreptamines,C17585  Butirosin A
624,C01912,Antibiotics,Polyketides and nonribosomal peptides [Fig],Macrolides,C01912  Erythromycin
625,C01946,Antibiotics,Polyketides and nonribosomal peptides [Fig],Macrolides,C01946  Oleandomycin
626,C01457,Antibiotics,Polyketides and nonribosomal peptides [Fig],Macrolides,C01457  Tylosin
627,C06690,Antibiotics,Polyketides and nonribosomal peptides [Fig],Macrolides,C06690  Candicidin D
628,C11222,Antibiotics,Polyketides and nonribosomal peptides [Fig],Ansamycins,C11222  Geldanamycin
629,C12247,Antibiotics,Polyketides and nonribosomal peptides [Fig],Ansamycins,C12247  Rifamycin W
630,C06688,Antibiotics,Polyketides and nonribosomal peptides [Fig],Ansamycins,C06688  Rifampicin
631,C06570,Antibiotics,Polyketides and nonribosomal peptides [Fig],Tetracyclines,C06570  Tetracycline
632,C06571,Antibiotics,Polyketides and nonribosomal peptides [Fig],Tetracyclines,C06571  Chlortetracycline
633,C01661,Antibiotics,Polyketides and nonribosomal peptides [Fig],Other polyketides,C01661  Adriamycin
634,C06691,Antibiotics,Polyketides and nonribosomal peptides [Fig],Other polyketides,C06691  Actinorhodine
635,C06764,Antibiotics,Polyketides and nonribosomal peptides [Fig],Other polyketides,C06764  Tetranactin
636,C06693,Antibiotics,Polyketides and nonribosomal peptides [Fig],Other polyketides,C06693  Monensin
637,C06686,Antibiotics,Polyketides and nonribosomal peptides [Fig],Other polyketides,C06686  Griseofulvin
638,C06689,Antibiotics,Polyketides and nonribosomal peptides [Fig],Non-ribosomal peptides,C06689  Vancomycin
639,C12046,Antibiotics,Polyketides and nonribosomal peptides [Fig],Non-ribosomal peptides,C12046  Teicoplanin A2-2
640,C01895,Antibiotics,Polyketides and nonribosomal peptides [Fig],Non-ribosomal peptides,C01895  Bleomycin B2
641,C15482,Antibiotics,Polyketides and nonribosomal peptides [Fig],Non-ribosomal peptides,C15482  Bacitracin A
642,C06684,Antibiotics,Polyketides and nonribosomal peptides [Fig],Non-ribosomal peptides,C06684  Valinomycin
643,C11612,Antibiotics,Polyketides and nonribosomal peptides [Fig],Non-ribosomal peptides,C11612  Polymyxin B
644,C06770,Antibiotics,Polyketides and nonribosomal peptides [Fig],Non-ribosomal peptides,C06770  Actinomycin D
645,C05079,Antibiotics,Quinolones [Fig],4-Quinolones,C05079  Nalidixic acid
646,C06687,Antibiotics,Quinolones [Fig],Fluoroquinolones,C06687  Norfloxacin
647,C06763,Antibiotics,Others [Fig],Pure sugars,C06763  Nojirimycin
648,C06765,Antibiotics,Others [Fig],Glycolipids,C06765  Flavomycin
649,C06682,Antibiotics,Others [Fig],Amino acid derivatives,C06682  Cycloserine
650,C06692,Antibiotics,Others [Fig],Peptide nucleosides,C06692  Polyoxin B
651,C06685,Antibiotics,Others [Fig],Cycloalkane derivatives,C06685  Cycloheximide
652,C06694,Antibiotics,Others [Fig],Steroids,C06694  Fusidic acid
653,C00918,Antibiotics,Others [Fig],Aromatic compounds,C00918  Chloramphenicol
654,C05080,Antibiotics,Others [Fig],Aromatic compounds,C05080  Novobiocin
655,C06454,Antibiotics,Others [Fig],Aliphatic compounds,C06454  Fosfomycin
656,C06681,Antibiotics,Others [Fig],Quinones,C06681  Mitomycin
657,C06695,Antibiotics,Others [Fig],Cyclic lactones,C06695  2-Oxazolidinone
